match_id,year,stage,home_team,away_team,score_90_home,score_90_away,extra_time_home_goals,extra_time_away_goals,score_120_home,score_120_away,et_total_goals,et_winner,penalty_shootout,match_name
M-1934-01,1934,round of 16,Austria,France,1,1,2,1,3,2,3,home,0,Austria vs France
M-1934-17,1934,final,Italy,Czechoslovakia,1,1,1,0,2,1,1,home,0,Italy vs Czechoslovakia
M-1938-05,1938,round of 16,Italy,Norway,1,1,1,0,2,1,1,home,0,Italy vs Norway
M-1938-06,1938,round of 16,Brazil,Poland,4,4,2,1,6,5,3,home,0,Brazil vs Poland
M-1938-07,1938,round of 16,Czechoslovakia,Netherlands,0,0,3,0,3,0,3,home,0,Czechoslovakia vs Netherlands
M-1954-23,1954,semi-finals,Hungary,Uruguay,2,2,2,0,4,2,2,home,0,Hungary vs Uruguay
M-1966-32,1966,final,England,West Germany,2,2,2,0,4,2,2,home,0,England vs West Germany
M-1970-27,1970,quarter-finals,Soviet Union,Uruguay,0,0,0,1,0,1,1,away,0,Soviet Union vs Uruguay
M-1970-28,1970,quarter-finals,West Germany,England,2,2,1,0,3,2,1,home,0,West Germany vs England
M-1970-30,1970,semi-finals,Italy,West Germany,1,1,3,2,4,3,5,home,0,Italy vs West Germany
M-1978-38,1978,final,Argentina,Netherlands,1,1,2,0,3,1,2,home,0,Argentina vs Netherlands
M-1982-50,1982,semi-finals,West Germany,France,1,1,2,2,3,3,4,draw,1,West Germany vs France
M-1986-38,1986,round of 16,Soviet Union,Belgium,2,2,1,2,3,4,3,away,0,Soviet Union vs Belgium
M-1986-45,1986,quarter-finals,Brazil,France,1,1,0,0,1,1,0,draw,1,Brazil vs France
M-1986-46,1986,quarter-finals,West Germany,Mexico,0,0,0,0,0,0,0,draw,1,West Germany vs Mexico
M-1986-48,1986,quarter-finals,Spain,Belgium,1,1,0,0,1,1,0,draw,1,Spain vs Belgium
M-1986-51,1986,third-place match,Belgium,France,2,2,0,2,2,4,2,away,0,Belgium vs France
M-1990-37,1990,round of 16,Cameroon,Colombia,0,0,2,1,2,1,3,home,0,Cameroon vs Colombia
M-1990-41,1990,round of 16,Republic of Ireland,Romania,0,0,0,0,0,0,0,draw,1,Republic of Ireland vs Romania
M-1990-43,1990,round of 16,Spain,Yugoslavia,1,1,0,1,1,2,1,away,0,Spain vs Yugoslavia
M-1990-44,1990,round of 16,England,Belgium,0,0,1,0,1,0,1,home,0,England vs Belgium
M-1990-45,1990,quarter-finals,Argentina,Yugoslavia,0,0,0,0,0,0,0,draw,1,Argentina vs Yugoslavia
M-1990-48,1990,quarter-finals,Cameroon,England,2,2,0,1,2,3,1,away,0,Cameroon vs England
M-1990-49,1990,semi-finals,Argentina,Italy,1,1,0,0,1,1,0,draw,1,Argentina vs Italy
M-1990-50,1990,semi-finals,West Germany,England,1,1,0,0,1,1,0,draw,1,West Germany vs England
M-1994-43,1994,round of 16,Nigeria,Italy,1,1,0,1,1,2,1,away,0,Nigeria vs Italy
M-1994-44,1994,round of 16,Mexico,Bulgaria,1,1,0,0,1,1,0,draw,1,Mexico vs Bulgaria
M-1994-48,1994,quarter-finals,Romania,Sweden,1,1,1,1,2,2,2,draw,1,Romania vs Sweden
M-1994-52,1994,final,Brazil,Italy,0,0,0,0,0,0,0,draw,1,Brazil vs Italy
M-1998-51,1998,round of 16,France,Paraguay,0,0,1,0,1,0,1,home,0,France vs Paraguay
M-1998-56,1998,round of 16,Argentina,England,2,2,0,0,2,2,0,draw,1,Argentina vs England
M-1998-57,1998,quarter-finals,Italy,France,0,0,0,0,0,0,0,draw,1,Italy vs France
M-1998-61,1998,semi-finals,Brazil,Netherlands,1,1,0,0,1,1,0,draw,1,Brazil vs Netherlands
M-2002-51,2002,round of 16,Sweden,Senegal,1,1,0,1,1,2,1,away,0,Sweden vs Senegal
M-2002-52,2002,round of 16,Spain,Republic of Ireland,1,1,0,0,1,1,0,draw,1,Spain vs Republic of Ireland
M-2002-56,2002,round of 16,South Korea,Italy,1,1,1,0,2,1,1,home,0,South Korea vs Italy
M-2002-59,2002,quarter-finals,Spain,South Korea,0,0,0,0,0,0,0,draw,1,Spain vs South Korea
M-2002-60,2002,quarter-finals,Senegal,Turkey,0,0,0,1,0,1,1,away,0,Senegal vs Turkey
M-2006-50,2006,round of 16,Argentina,Mexico,1,1,1,0,2,1,1,home,0,Argentina vs Mexico
M-2006-54,2006,round of 16,Switzerland,Ukraine,0,0,0,0,0,0,0,draw,1,Switzerland vs Ukraine
M-2006-57,2006,quarter-finals,Germany,Argentina,1,1,0,0,1,1,0,draw,1,Germany vs Argentina
M-2006-59,2006,quarter-finals,England,Portugal,0,0,0,0,0,0,0,draw,1,England vs Portugal
M-2006-61,2006,semi-finals,Germany,Italy,0,0,0,2,0,2,2,away,0,Germany vs Italy
M-2006-64,2006,final,Italy,France,1,1,0,0,1,1,0,draw,1,Italy vs France
M-2010-50,2010,round of 16,United States,Ghana,1,1,0,1,1,2,1,away,0,United States vs Ghana
M-2010-55,2010,round of 16,Paraguay,Japan,0,0,0,0,0,0,0,draw,1,Paraguay vs Japan
M-2010-58,2010,quarter-finals,Uruguay,Ghana,1,1,0,0,1,1,0,draw,1,Uruguay vs Ghana
M-2010-64,2010,final,Netherlands,Spain,0,0,0,1,0,1,1,away,0,Netherlands vs Spain
M-2014-49,2014,round of 16,Brazil,Chile,1,1,0,0,1,1,0,draw,1,Brazil vs Chile
M-2014-52,2014,round of 16,Costa Rica,Greece,1,1,0,0,1,1,0,draw,1,Costa Rica vs Greece
M-2014-54,2014,round of 16,Germany,Algeria,0,0,2,1,2,1,3,home,0,Germany vs Algeria
M-2014-55,2014,round of 16,Argentina,Switzerland,0,0,1,0,1,0,1,home,0,Argentina vs Switzerland
M-2014-56,2014,round of 16,Belgium,United States,0,0,2,1,2,1,3,home,0,Belgium vs United States
M-2014-60,2014,quarter-finals,Netherlands,Costa Rica,0,0,0,0,0,0,0,draw,1,Netherlands vs Costa Rica
M-2014-62,2014,semi-finals,Netherlands,Argentina,0,0,0,0,0,0,0,draw,1,Netherlands vs Argentina
M-2014-64,2014,final,Germany,Argentina,0,0,1,0,1,0,1,home,0,Germany vs Argentina
M-2018-51,2018,round of 16,Spain,Russia,1,1,0,0,1,1,0,draw,1,Spain vs Russia
M-2018-52,2018,round of 16,Croatia,Denmark,1,1,0,0,1,1,0,draw,1,Croatia vs Denmark
M-2018-56,2018,round of 16,Colombia,England,1,1,0,0,1,1,0,draw,1,Colombia vs England
M-2018-60,2018,quarter-finals,Russia,Croatia,1,1,1,1,2,2,2,draw,1,Russia vs Croatia
M-2018-62,2018,semi-finals,Croatia,England,1,1,1,0,2,1,1,home,0,Croatia vs England
M-2022-53,2022,round of 16,Japan,Croatia,1,1,0,0,1,1,0,draw,1,Japan vs Croatia
M-2022-55,2022,round of 16,Morocco,Spain,0,0,0,0,0,0,0,draw,1,Morocco vs Spain
M-2022-57,2022,quarter-finals,Croatia,Brazil,0,0,1,1,1,1,2,draw,1,Croatia vs Brazil
M-2022-58,2022,quarter-finals,Netherlands,Argentina,2,2,0,0,2,2,0,draw,1,Netherlands vs Argentina
M-2022-64,2022,final,Argentina,France,2,2,1,1,3,3,2,draw,1,Argentina vs France
