issue,quotation_bucket,championship_id,score,matches,forecasts,score_forecasts,player_weighted_share,match_weighted_share,ci95_low,ci95_high
away,0-40,all,0-3,6,569,145,0.2548330404217926,0.25497977466462507,0.19204356716568738,0.31791598216356276
away,0-40,all,0-2,6,569,109,0.19156414762741653,0.1924352514225743,0.14221475846005405,0.24265574438509457
away,0-40,all,1-3,6,569,74,0.13005272407732865,0.13034348079186556,0.08351399116877929,0.17717297041495184
away,0-40,all,0-1,6,569,71,0.12478031634446397,0.1261934981362264,0.04905113703245838,0.20333585923999442
away,0-40,all,0-4,6,569,61,0.10720562390158173,0.1062695172361104,0.05616563864857677,0.15637339582364404
away,0-40,all,0-5,6,569,37,0.06502636203866433,0.06416326872862523,0.011594135929959337,0.11673240152729111
away,0-40,all,1-2,6,569,25,0.043936731107205626,0.04418714882775416,0.025012713171305094,0.06336158448420323
away,0-40,all,1-4,6,569,16,0.028119507908611598,0.028243744285938403,0.009253274202137115,0.047234214369739694
away,0-40,all,0-6,6,569,12,0.0210896309314587,0.020549886621315194,0.0,0.04795770068236242
away,0-40,all,0-7,6,569,6,0.01054481546572935,0.010274943310657597,0.0,0.02397885034118121
away,0-40,all,1-6,6,569,5,0.008787346221441126,0.008503401360544218,0.0,0.025170068027210883
away,0-40,all,1-5,6,569,4,0.007029876977152899,0.006999657832524574,0.00017209107064901797,0.013827224594400129
away,0-40,all,2-4,6,569,2,0.0035149384885764497,0.003455066237021124,0.0,0.00773878677166851
away,0-40,all,0-8,6,569,1,0.0017574692442882249,0.0017006802721088435,0.0,0.005034013605442176
away,0-40,all,1-8,6,569,1,0.0017574692442882249,0.0017006802721088435,0.0,0.005034013605442176
away,40-60,all,0-2,36,3084,757,0.2454604409857328,0.24459346900090415,0.2178797581255461,0.2713071798762622
away,40-60,all,1-2,36,3084,514,0.16666666666666666,0.17487529060377385,0.1408522335656868,0.2088983476418609
away,40-60,all,1-3,36,3084,486,0.1575875486381323,0.15685645993224204,0.13702240409491812,0.17669051576956596
away,40-60,all,0-3,36,3084,511,0.16569390402075226,0.15651726166361626,0.1239588969524475,0.18907562637478503
away,40-60,all,0-1,36,3084,440,0.14267185473411154,0.15106678163294987,0.11500821995950888,0.18712534330639086
away,40-60,all,0-4,36,3084,133,0.04312581063553826,0.04032211342719918,0.027472027929684898,0.05317219892471346
away,40-60,all,1-4,36,3084,111,0.03599221789883268,0.034128545202288765,0.024585901605468332,0.043671188799109195
away,40-60,all,2-3,36,3084,41,0.013294422827496757,0.013489986040909138,0.008374989726436558,0.018604982355381716
away,40-60,all,0-5,36,3084,41,0.013294422827496757,0.012483699151416283,0.007339003064776353,0.01762839523805621
away,40-60,all,2-4,36,3084,19,0.00616083009079118,0.006282676015847622,0.0032386782682711102,0.009326673763424134
away,40-60,all,1-5,36,3084,17,0.005512321660181583,0.005237743727126354,0.002456100785630009,0.008019386668622699
away,40-60,all,0-6,36,3084,7,0.002269779507133593,0.0020359932607485623,0.00043078378500186203,0.003641202736495263
away,40-60,all,1-6,36,3084,5,0.001621271076523995,0.001520754751752285,0.0002622034316426807,0.0027793060718618893
away,40-60,all,0-7,36,3084,1,0.00032425421530479895,0.00030864197530864197,0.0,0.0009135802469135803
away,40-60,all,2-5,36,3084,1,0.00032425421530479895,0.0002805836139169473,0.0,0.0008305274971941637
away,60-80,all,1-2,78,5599,1547,0.27629933916770855,0.2847252424832488,0.2644280210641144,0.30502246390238325
away,60-80,all,0-1,78,5599,1261,0.2252187890694767,0.24283491804166865,0.2111936928742313,0.274476143209106
away,60-80,all,0-2,78,5599,1252,0.22361135917128058,0.2168067113991936,0.20084946911245083,0.2327639536859364
away,60-80,all,1-3,78,5599,838,0.14966958385425969,0.14242578975838335,0.126130463502935,0.1587211160138317
away,60-80,all,0-3,78,5599,368,0.06572602250401857,0.058629886473636664,0.04753252616664357,0.06972724678062976
away,60-80,all,2-3,78,5599,107,0.019110555456331488,0.019057068584565413,0.013907043706218305,0.02420709346291252
away,60-80,all,1-4,78,5599,113,0.020182175388462224,0.01768766615767405,0.011753489461270196,0.023621842854077903
away,60-80,all,0-4,78,5599,57,0.010180389355242007,0.008832803383298792,0.006061278143446781,0.011604328623150802
away,60-80,all,2-4,78,5599,23,0.004107876406501161,0.003828765926098726,0.0018995823879396992,0.005757949464257753
away,60-80,all,0-5,78,5599,13,0.002321843186283265,0.001929327431901236,0.0007889922235105467,0.0030696626402919253
away,60-80,all,1-5,78,5599,10,0.001786033220217896,0.0015741996808926785,0.00046884629406579947,0.0026795530677195577
away,60-80,all,3-4,78,5599,4,0.0007144132880871584,0.0007585977768776689,0.0,0.0016248134448164301
away,60-80,all,2-5,78,5599,3,0.0005358099660653688,0.0004186710835616199,0.0,0.0008865944594047176
away,60-80,all,0-6,78,5599,2,0.0003572066440435792,0.00027305499153239043,0.0,0.0006492209634181342
away,60-80,all,1-8,78,5599,1,0.0001786033220217896,0.000217296827466319,0.0,0.0006431986093003038
away,80-100,all,1-2,98,4440,1457,0.32815315315315313,0.3391225028937337,0.3181880866328866,0.36005691915458077
away,80-100,all,0-1,98,4440,1325,0.29842342342342343,0.33436989494405195,0.3030488069697203,0.3656909829183836
away,80-100,all,0-2,98,4440,867,0.19527027027027027,0.17049016516322998,0.15217492856761436,0.1888054017588456
away,80-100,all,1-3,98,4440,449,0.10112612612612612,0.0846566400155303,0.07240396214155105,0.09690931788950956
away,80-100,all,2-3,98,4440,140,0.03153153153153153,0.033899062901949155,0.025818397087569,0.04197972871632931
away,80-100,all,0-3,98,4440,131,0.029504504504504505,0.022816866819695227,0.01758871413190105,0.028045019507489402
away,80-100,all,1-4,98,4440,29,0.006531531531531532,0.00541544362232597,0.003019675860830048,0.007811211383821892
away,80-100,all,2-4,98,4440,21,0.00472972972972973,0.005019269161932717,0.0022535302373484414,0.007785008086516993
away,80-100,all,0-4,98,4440,12,0.002702702702702703,0.0020452000722610587,0.0007420608477732571,0.0033483392967488604
away,80-100,all,3-4,98,4440,2,0.00045045045045045046,0.000663265306122449,0.0,0.001602282120306085
away,80-100,all,0-5,98,4440,3,0.0006756756756756757,0.0006234431375177329,0.0,0.001418061569082587
away,80-100,all,2-5,98,4440,1,0.00022522522522522523,0.0003291639236339697,0.0,0.0009743252139565516
away,80-100,all,1-8,98,4440,1,0.00022522522522522523,0.00026164311878597594,0.0,0.0007744636316064881
away,80-100,all,1-5,98,4440,1,0.00022522522522522523,0.00014371945961483184,0.0,0.0004254096004599029
away,80-100,all,2-6,98,4440,1,0.00022522522522522523,0.00014371945961483184,0.0,0.0004254096004599029
away,100-120,all,1-2,93,2839,1173,0.41317365269461076,0.4256861189366585,0.3972085578533759,0.45416368001994106
away,100-120,all,0-1,93,2839,756,0.26629094751673127,0.3021238691969443,0.2637373712001049,0.3405103671937837
away,100-120,all,0-2,93,2839,390,0.13737231419513912,0.12201329077792462,0.10509789167974393,0.13892868987610532
away,100-120,all,1-3,93,2839,266,0.09369496301514618,0.07512148419310097,0.058682186434835124,0.09156078195136681
away,100-120,all,2-3,93,2839,153,0.05389221556886228,0.04732298244132968,0.03523529131201924,0.05941067357064012
away,100-120,all,0-3,93,2839,63,0.022190912293060937,0.017904925955829508,0.011745460174419855,0.024064391737239163
away,100-120,all,2-4,93,2839,15,0.0052835505459668895,0.004630559512517942,0.0009632691993980008,0.008297849825637884
away,100-120,all,1-4,93,2839,8,0.0028178936245156746,0.001890601224012661,0.0004224112202488165,0.003358791227776506
away,100-120,all,3-4,93,2839,6,0.0021134202183867557,0.0014971879657787975,0.00012759527559090783,0.0028667806559666874
away,100-120,all,0-4,93,2839,6,0.0021134202183867557,0.0011313870413436394,0.0002278052515992128,0.0020349688310880663
away,100-120,all,0-5,93,2839,2,0.0007044734061289186,0.0004820893332494917,0.0,0.0011567817943064812
away,100-120,all,2-5,93,2839,1,0.0003522367030644593,0.00019550342130987292,0.0,0.0005786901270772238
away,120-150,all,1-2,126,1606,674,0.41967621419676215,0.4467413338030164,0.40247571882800437,0.4910069487780284
away,120-150,all,0-1,126,1606,539,0.3356164383561644,0.3444391573635289,0.2974532005395573,0.39142511418750053
away,120-150,all,0-2,126,1606,162,0.10087173100871731,0.09090033220366743,0.06696098755333621,0.11483967685399865
away,120-150,all,1-3,126,1606,102,0.06351183063511831,0.05396960439948112,0.03861742064264635,0.06932178815631589
away,120-150,all,2-3,126,1606,85,0.05292652552926526,0.04123234049695308,0.0266038672246551,0.05586081376925106
away,120-150,all,0-3,126,1606,16,0.009962640099626401,0.007483083934144119,0.002016421770694541,0.012949746097593695
away,120-150,all,2-10,126,1606,1,0.0006226650062266501,0.003968253968253968,0.0,0.011746031746031746
away,120-150,all,2-4,126,1606,11,0.00684931506849315,0.003697228697228697,0.00033474706589043963,0.007059710328566954
away,120-150,all,3-4,126,1606,6,0.0037359900373599006,0.0031948312956064893,0.0,0.006898856689097849
away,120-150,all,1-4,126,1606,4,0.0024906600249066002,0.0013294245437102579,0.0,0.0028135025387085255
away,120-150,all,1-8,126,1606,1,0.0006226650062266501,0.000992063492063492,0.0,0.0029365079365079364
away,120-150,all,2-8,126,1606,1,0.0006226650062266501,0.000992063492063492,0.0,0.0029365079365079364
away,120-150,all,4-5,126,1606,1,0.0006226650062266501,0.000496031746031746,0.0,0.0014682539682539682
away,120-150,all,3-5,126,1606,2,0.0012453300124533001,0.0003838753838753839,0.0,0.000914743243087529
away,120-150,all,0-5,126,1606,1,0.0006226650062266501,0.00018037518037518038,0.0,0.0005339105339105339
away,150-1000,all,1-2,91,525,236,0.44952380952380955,0.4395435064307497,0.37698664564743967,0.5021003672140597
away,150-1000,all,0-1,91,525,175,0.3333333333333333,0.32548429618902613,0.2623098692765634,0.38865872310148886
away,150-1000,all,0-2,91,525,57,0.10857142857142857,0.10806632308782332,0.06407604362759634,0.1520566025480503
away,150-1000,all,2-3,91,525,22,0.0419047619047619,0.05179148893434608,0.0220268817361539,0.08155609613253827
away,150-1000,all,1-3,91,525,24,0.045714285714285714,0.0465372941722679,0.016923107296615423,0.07615148104792038
away,150-1000,all,0-3,91,525,7,0.013333333333333334,0.012093574702270354,0.0,0.025212120509033417
away,150-1000,all,3-8,91,525,2,0.0038095238095238095,0.008241758241758242,0.0,0.02022849208785547
away,150-1000,all,2-8,91,525,1,0.0019047619047619048,0.005494505494505495,0.0,0.016263736263736263
away,150-1000,all,0-6,91,525,1,0.0019047619047619048,0.0027472527472527475,0.0,0.00813186813186813
draw,100-120,all,1-1,249,6483,4139,0.6384389942927657,0.6404774152992612,0.6242588139809829,0.6566960166175394
draw,100-120,all,2-2,249,6483,1110,0.17121702915316983,0.19700475615371124,0.17967495003339803,0.21433456227402445
draw,100-120,all,0-0,249,6483,1199,0.18494524140058616,0.1559046633254001,0.1403712774541808,0.1714380491966194
draw,100-120,all,3-3,249,6483,34,0.005244485577664661,0.006537390424324802,0.0038325294864186552,0.00924225136223095
draw,100-120,all,4-4,249,6483,1,0.00015424957581366652,7.577479730241721e-05,0.0,0.00022429340001515417
draw,120-150,all,1-1,260,3424,2177,0.6358060747663551,0.6284829488393043,0.6011085961815603,0.6558573014970484
draw,120-150,all,2-2,260,3424,755,0.22050233644859812,0.25203151062994916,0.22345094524564585,0.2806120760142525
draw,120-150,all,0-0,260,3424,454,0.13259345794392524,0.11158283721689535,0.09613554488930974,0.12703012954448095
draw,120-150,all,3-3,260,3424,37,0.01080607476635514,0.007801488738952319,0.0032766699048167158,0.012326307573087922
draw,120-150,all,4-4,260,3424,1,0.0002920560747663551,0.00010121457489878542,0.0,0.0002995951417004051
draw,150-1000,all,1-1,31,199,136,0.6834170854271356,0.6652306474887121,0.5598967855384385,0.7705645094389857
draw,150-1000,all,2-2,31,199,45,0.22613065326633167,0.25289763999441417,0.14159845599114385,0.3641968239976845
draw,150-1000,all,0-0,31,199,17,0.08542713567839195,0.06574268025880929,0.02883740707102063,0.10264795344659795
draw,150-1000,all,3-3,31,199,1,0.005025125628140704,0.016129032258064516,0.0,0.04774193548387098
home,0-40,all,2-0,48,4287,1128,0.2631210636808957,0.26375201587999014,0.24002685653364858,0.2874771752263317
home,0-40,all,3-0,48,4287,919,0.21436902262654536,0.20976231419762906,0.18585693431646638,0.23366769407879173
home,0-40,all,3-1,48,4287,544,0.12689526475390717,0.12818243559840206,0.11261198017536936,0.14375289102143476
home,0-40,all,1-0,48,4287,465,0.10846745976207138,0.11375517984764766,0.09019427379563764,0.13731608589965769
home,0-40,all,2-1,48,4287,372,0.0867739678096571,0.09124920495645072,0.07063390560870461,0.11186450430419684
home,0-40,all,4-0,48,4287,302,0.07044553300676464,0.06741300159646225,0.05205353021367764,0.08277247297924686
home,0-40,all,4-1,48,4287,213,0.0496850944716585,0.048377879626156584,0.03881064340606141,0.057945115846251755
home,0-40,all,5-0,48,4287,129,0.030090972708187544,0.028590779820630217,0.019192378624546223,0.03798918101671421
home,0-40,all,5-1,48,4287,61,0.014229064613949148,0.01361363047620836,0.009183700846342832,0.01804356010607389
home,0-40,all,3-2,48,4287,48,0.01119664100769769,0.01148118006576825,0.007561084471573902,0.0154012756599626
home,0-40,all,6-0,48,4287,45,0.010496850944716585,0.009914799135162392,0.00388398114648291,0.015945617123841873
home,0-40,all,4-2,48,4287,29,0.0067646372754840214,0.006765070056701381,0.00396104846403094,0.009569091649371822
home,0-40,all,5-2,48,4287,12,0.0027991602519244225,0.002641849228800471,0.0009546231917583648,0.004329075265842577
home,0-40,all,6-1,48,4287,10,0.002332633543270352,0.0023224322436867784,0.0007233979078331511,0.0039214665795404054
home,0-40,all,7-1,48,4287,3,0.0006997900629811056,0.0006293805926984451,0.0,0.0013263844446555072
home,0-40,all,7-0,48,4287,2,0.00046652670865407047,0.00045295206585529166,0.0,0.0010740356840180597
home,0-40,all,8-0,48,4287,2,0.00046652670865407047,0.00043179052119129437,0.0,0.001023829427559721
home,0-40,all,6-2,48,4287,2,0.00046652670865407047,0.0004273616663160109,0.0,0.0010133278902395141
home,0-40,all,4-3,48,4287,1,0.00023326335432703523,0.00023674242424242425,0.0,0.0007007575757575756
home,40-60,all,2-0,89,7301,2140,0.2931105328037255,0.286333790611097,0.2679875737069339,0.3046800075152601
home,40-60,all,1-0,89,7301,1468,0.20106834680180796,0.21677655626500597,0.18536257841762663,0.2481905341123853
home,40-60,all,2-1,89,7301,1347,0.18449527461991508,0.19199938604779887,0.17100776394652537,0.21299100814907237
home,40-60,all,3-1,89,7301,918,0.12573620052047665,0.12103993747881289,0.10773411202355376,0.13434576293407202
home,40-60,all,3-0,89,7301,893,0.1223120120531434,0.11438911617318905,0.09858703824652137,0.13019119409985672
home,40-60,all,4-0,89,7301,146,0.019997260649226134,0.01861774190306207,0.013364369000772548,0.02387111480535159
home,40-60,all,3-2,89,7301,135,0.018490617723599508,0.01848981905849525,0.013463783439670614,0.02351585467731989
home,40-60,all,4-1,89,7301,129,0.01766881249143953,0.016296692944150173,0.01151440239581164,0.021078983492488705
home,40-60,all,4-2,89,7301,34,0.004656896315573209,0.004705989694721058,0.003009103963939734,0.006402875425502382
home,40-60,all,5-0,89,7301,38,0.005204766470346528,0.004648895573328783,0.0022896483134122528,0.007008142833245313
home,40-60,all,5-1,89,7301,34,0.004656896315573209,0.004311858793290507,0.0025824043256580456,0.0060413132609229685
home,40-60,all,4-3,89,7301,5,0.0006848376934666484,0.0006509173692539694,0.0,0.0013193840444386895
home,40-60,all,6-1,89,7301,4,0.0005478701547733187,0.0005022385449845563,1.70080510162934e-05,0.0009874690389528192
home,40-60,all,5-2,89,7301,4,0.0005478701547733187,0.0004902617758578523,1.7862453956485574e-05,0.0009626610977592191
home,40-60,all,6-0,89,7301,3,0.00041090261607998904,0.0003659650498076914,0.0,0.0007758977619809213
home,40-60,all,5-4,89,7301,1,0.00013696753869332968,0.0001306506401881369,0.0,0.0003867258949568853
home,40-60,all,7-0,89,7301,1,0.00013696753869332968,0.0001306506401881369,0.0,0.0003867258949568856
home,40-60,all,5-3,89,7301,1,0.00013696753869332968,0.00011953143676786995,0.0,0.0003538130528328953
home,60-80,all,1-0,117,7572,2316,0.3058637083993661,0.3265474228899009,0.30020462566908807,0.35289022011071375
home,60-80,all,2-1,117,7572,1935,0.25554675118858955,0.26342887386675456,0.2466363349061736,0.28022141282733554
home,60-80,all,2-0,117,7572,1870,0.24696249339672477,0.2289355113647259,0.21313157852916947,0.24473944420028232
home,60-80,all,3-1,117,7572,746,0.09852086634970945,0.09264376645742964,0.08119059011046717,0.1040969428043921
home,60-80,all,3-0,117,7572,324,0.042789223454833596,0.035427087270825726,0.02854069654425182,0.04231347799739963
home,60-80,all,3-2,117,7572,213,0.028129952456418382,0.03333476226630703,0.024421916111779816,0.04224760842083424
home,60-80,all,4-1,117,7572,64,0.008452192287374538,0.007620912891164894,0.005340541503092366,0.009901284279237421
home,60-80,all,4-2,117,7572,38,0.005018489170628632,0.004870414662078628,0.003057834272983115,0.006682995051174141
home,60-80,all,4-0,117,7572,36,0.004754358161648178,0.0037522632147085028,0.002255223088615113,0.005249303340801892
home,60-80,all,5-1,117,7572,10,0.0013206550449022716,0.0011475142228745884,0.0004273170118854584,0.0018677114338637186
home,60-80,all,4-3,117,7572,7,0.0009244585314315901,0.0009243251817540054,0.0002268044260230964,0.0016218459374849146
home,60-80,all,5-0,117,7572,5,0.0006603275224511358,0.00047366065747869387,6.528780469664946e-05,0.0008820335102607383
home,60-80,all,5-2,117,7572,3,0.0003961965134706815,0.00029932800515594226,0.0,0.0006372610174141102
home,60-80,all,10-0,117,7572,1,0.00013206550449022716,0.0001643655489809336,0.0,0.0004865220249835625
home,60-80,all,9-1,117,7572,1,0.00013206550449022716,0.00013149243918474687,0.0,0.0003892176199868504
home,60-80,all,5-4,117,7572,1,0.00013206550449022716,0.00011870845204178537,0.0,0.00035137701804368416
home,60-80,all,6-0,117,7572,1,0.00013206550449022716,9.496676163342831e-05,0.0,0.0002811016144349474
home,60-80,all,6-1,117,7572,1,0.00013206550449022716,8.462384700008462e-05,0.0,0.0002504865871202503
home,80-100,all,1-0,90,3758,1366,0.3634912187333688,0.3948514960203576,0.35883573094485105,0.4308672610958641
home,80-100,all,2-1,90,3758,1261,0.33555082490686533,0.33503315525477273,0.3102217671064931,0.3598445434030524
home,80-100,all,2-0,90,3758,633,0.1684406599254923,0.15224356990469073,0.13545110023263118,0.16903603957675029
home,80-100,all,3-1,90,3758,250,0.06652474720596062,0.05282285356731051,0.04070354441948085,0.06494216271514017
home,80-100,all,3-2,90,3758,132,0.03512506652474721,0.033618611926157706,0.02494283632851322,0.04229438752380219
home,80-100,all,3-0,90,3758,71,0.018893028206492815,0.019098522559602676,0.010400452844213546,0.02779659227499181
home,80-100,all,4-1,90,3758,13,0.003459286854709952,0.006001597483790839,0.0,0.013601973064986627
home,80-100,all,4-2,90,3758,11,0.002927088877062267,0.0021284871433209754,0.0006856420257026073,0.0035713322609393435
home,80-100,all,4-3,90,3758,6,0.0015965939329430547,0.0013971932938341206,0.00030569870783818333,0.0024886878798300576
home,80-100,all,4-0,90,3758,8,0.0021287919105907396,0.0013087698057036234,0.00023352124657621104,0.002384018364831036
home,80-100,all,5-0,90,3758,3,0.0007982969664715274,0.0004510921177587844,0.0,0.0011144990187671269
home,80-100,all,6-1,90,3758,1,0.00026609898882384245,0.00031746031746031746,0.0,0.0009396825396825391
home,80-100,all,5-1,90,3758,1,0.00026609898882384245,0.00027100271002710027,0.0,0.0008021680216802166
home,80-100,all,8-2,90,3758,1,0.00026609898882384245,0.00027100271002710027,0.0,0.0008021680216802166
home,80-100,all,10-0,90,3758,1,0.00026609898882384245,0.00018518518518518518,0.0,0.0005481481481481496
home,100-120,all,1-0,98,2268,911,0.40167548500881833,0.418753373606022,0.38105362195242165,0.45645312525962234
home,100-120,all,2-1,98,2268,832,0.36684303350970016,0.3721239445526858,0.34330037483854936,0.4009475142668223
home,100-120,all,2-0,98,2268,301,0.13271604938271606,0.12107931055373745,0.10349990872040488,0.13865871238707003
home,100-120,all,3-1,98,2268,101,0.0445326278659612,0.03392365006760753,0.02318452674525468,0.04466277338996038
home,100-120,all,3-2,98,2268,71,0.03130511463844797,0.029272283687948597,0.018612322962688145,0.03993224441320905
home,100-120,all,3-0,98,2268,27,0.011904761904761904,0.011374012722564029,0.005464328226036531,0.017283697219091527
home,100-120,all,4-2,98,2268,7,0.0030864197530864196,0.0025354630290399527,0.00046957340308171605,0.004601352654998189
home,100-120,all,4-0,98,2268,4,0.001763668430335097,0.002519240019240019,0.0,0.005971027055319791
home,100-120,all,4-1,98,2268,7,0.0030864197530864196,0.0025183874895146605,0.00029089156405065096,0.004745883414978671
home,100-120,all,5-0,98,2268,1,0.0004409171075837742,0.0020408163265306124,0.0,0.006040816326530611
home,100-120,all,4-3,98,2268,4,0.001763668430335097,0.0016729290238262794,0.0,0.003363612939097359
home,100-120,all,6-1,98,2268,1,0.0004409171075837742,0.0014577259475218659,0.0,0.004314868804664725
home,100-120,all,5-1,98,2268,1,0.0004409171075837742,0.0007288629737609329,0.0,0.002157434402332362
home,120-150,all,1-0,76,834,370,0.44364508393285373,0.4613160660319853,0.40226756112259104,0.5203645709413796
home,120-150,all,2-1,76,834,334,0.40047961630695444,0.42157180523531024,0.3650687301780936,0.47807488029252687
home,120-150,all,2-0,76,834,71,0.08513189448441247,0.052718834111262595,0.034931853186302,0.07050581503622319
home,120-150,all,3-2,76,834,25,0.02997601918465228,0.031528864035083225,0.013904167791487787,0.04915356027867866
home,120-150,all,3-0,76,834,10,0.011990407673860911,0.012849973822612501,0.0015054550249860733,0.024194492620238928
home,120-150,all,3-1,76,834,17,0.02038369304556355,0.012772909788959978,0.005986745607506661,0.019559073970413295
home,120-150,all,4-1,76,834,2,0.002398081534772182,0.002966976264189886,0.0,0.007505963743984474
home,120-150,all,4-2,76,834,2,0.002398081534772182,0.002302631578947368,0.0,0.005758645580556257
home,120-150,all,4-0,76,834,2,0.002398081534772182,0.0015182186234817814,0.0,0.0037243199421403547
home,120-150,all,8-2,76,834,1,0.001199040767386091,0.00045372050816696913,0.0,0.0013430127041742291
home,150-1000,all,1-0,22,135,66,0.4888888888888889,0.5627164502164501,0.42975186283775724,0.695681037595143
home,150-1000,all,2-1,22,135,54,0.4,0.3550865800865801,0.2302312122759185,0.47994194789724176
home,150-1000,all,2-0,22,135,9,0.06666666666666667,0.054491341991341986,0.006016782634854459,0.10296590134782951
home,150-1000,all,6-1,22,135,1,0.007407407407407408,0.011363636363636364,0.0,0.033636363636363645
home,150-1000,all,3-2,22,135,3,0.022222222222222223,0.01103896103896104,0.0,0.02622304724225958
home,150-1000,all,10-2,22,135,1,0.007407407407407408,0.0030303030303030303,0.0,0.008969696969696964
home,150-1000,all,4-2,22,135,1,0.007407407407407408,0.002272727272727273,0.0,0.006727272727272729
away,0-40,1,0-3,4,375,98,0.2613333333333333,0.2612961926091826,0.16274850517026268,0.35984388004810247
away,0-40,6,0-3,2,194,47,0.2422680412371134,0.24234693877551022,0.22734693877551024,0.25734693877551024
away,0-40,1,0-2,4,375,82,0.21866666666666668,0.21908442475290907,0.1593503315477701,0.278818517958048
away,0-40,1,0-1,4,375,69,0.184,0.1841350601295097,0.1396351903476375,0.2286349299113819
away,0-40,6,0-4,2,194,35,0.18041237113402062,0.1802721088435374,0.15360544217687072,0.20693877551020406
away,0-40,1,1-3,4,375,56,0.14933333333333335,0.14901224499732216,0.08699998644153875,0.21102450355310556
away,0-40,6,0-5,2,194,28,0.14432989690721648,0.1445578231292517,0.10122448979591836,0.18789115646258503
away,0-40,6,0-2,2,194,27,0.13917525773195877,0.13913690476190477,0.1318452380952381,0.14642857142857144
away,0-40,6,1-3,2,194,18,0.09278350515463918,0.09300595238095238,0.05071428571428572,0.13529761904761906
away,0-40,1,0-4,4,375,26,0.06933333333333333,0.0692682214323969,0.03930225190343935,0.09923419096135445
away,0-40,6,0-6,2,194,12,0.061855670103092786,0.06164965986394558,0.022482993197278915,0.10081632653061223
away,0-40,1,1-2,4,375,21,0.056,0.05597034909197137,0.03633018241580488,0.07561051576813786
away,0-40,6,0-7,2,194,6,0.030927835051546393,0.03082482993197279,0.011241496598639458,0.050408163265306116
away,0-40,1,1-4,4,375,11,0.029333333333333333,0.029344783095574277,0.00783364312907757,0.050855923062070985
away,0-40,6,1-4,2,194,5,0.02577319587628866,0.026041666666666668,0.0,0.07708333333333334
away,0-40,6,1-6,2,194,5,0.02577319587628866,0.025510204081632654,0.0,0.07551020408163266
away,0-40,1,0-5,4,375,9,0.024,0.02396599152831199,0.004256018694457651,0.04367596436216633
away,0-40,6,1-2,2,194,4,0.020618556701030927,0.020620748299319726,0.02020408163265306,0.021037414965986392
away,0-40,6,1-5,2,194,2,0.010309278350515464,0.010416666666666666,0.0,0.03083333333333333
away,0-40,6,0-1,2,194,2,0.010309278350515464,0.010310374149659863,0.01010204081632653,0.010518707482993196
away,0-40,1,1-5,4,375,2,0.005333333333333333,0.005291153415453527,0.0,0.011278824775221873
away,0-40,6,0-8,2,194,1,0.005154639175257732,0.00510204081632653,0.0,0.015102040816326528
away,0-40,6,1-8,2,194,1,0.005154639175257732,0.00510204081632653,0.0,0.015102040816326528
away,0-40,6,2-4,2,194,1,0.005154639175257732,0.00510204081632653,0.0,0.015102040816326528
away,0-40,1,2-4,4,375,1,0.0026666666666666666,0.002631578947368421,0.0,0.007789473684210527
away,40-60,6,0-2,15,1331,356,0.26746806912096166,0.26895390174537465,0.23081220365866373,0.30709559983208556
away,40-60,9,1-2,6,482,127,0.26348547717842324,0.2667776492636241,0.15703347925778077,0.3765218192694674
away,40-60,9,0-2,6,482,109,0.22614107883817428,0.2297043263733306,0.1500491719787787,0.3093594807678825
away,40-60,1,0-2,15,1271,292,0.22974036191974823,0.22618869330746308,0.18568677174839485,0.2666906148665313
away,40-60,1,0-1,15,1271,272,0.21400472069236823,0.22180532625964566,0.1821250031208402,0.2614856493984511
away,40-60,6,0-3,15,1331,270,0.20285499624342598,0.195213518155058,0.14196384115836075,0.24846319515175525
away,40-60,9,0-1,6,482,91,0.1887966804979253,0.193030991137583,0.10860843670357265,0.2774535455715934
away,40-60,6,1-3,15,1331,235,0.17655897821187078,0.1781437425428933,0.15336759982605166,0.20291988525973495
away,40-60,1,1-2,15,1271,211,0.16601101494885917,0.1756680446879836,0.12749739106320976,0.22383869831275746
away,40-60,1,1-3,15,1271,192,0.15106215578284815,0.15189667879244853,0.1213669112036334,0.18242644638126368
away,40-60,1,0-3,15,1271,194,0.15263571990558616,0.14252718347967178,0.09382040844974517,0.1912339585095984
away,40-60,6,1-2,15,1331,176,0.1322314049586777,0.13732159305562394,0.09744343976314479,0.1771997463481031
away,40-60,9,1-3,6,482,59,0.12240663900414937,0.11603770625509757,0.056850778519798674,0.17522463399039648
away,40-60,9,0-3,6,482,47,0.0975103734439834,0.0947518158948734,0.05135176154384125,0.13815187024590556
away,40-60,6,0-1,15,1331,77,0.05785123966942149,0.06354255320440083,0.024296950241340855,0.10278815616746081
away,40-60,6,0-4,15,1331,78,0.058602554470323066,0.05532568058256007,0.0320948426522951,0.07855651851282505
away,40-60,6,1-4,15,1331,67,0.05033809166040571,0.04830110869196252,0.031129010339018517,0.06547320704490651
away,40-60,9,0-4,6,482,15,0.03112033195020747,0.03068465156473572,0.006033780415011406,0.05533552271446003
away,40-60,1,0-4,15,1271,40,0.03147128245476003,0.029173531016823667,0.013105001771410354,0.04524206026223698
away,40-60,9,1-4,6,482,14,0.029045643153526972,0.027492289150774424,0.005922701042491964,0.049061877259056884
away,40-60,9,2-3,6,482,12,0.024896265560165973,0.024694197029400396,0.0015059695937082035,0.04788242446509259
away,40-60,1,1-4,15,1271,30,0.023603461841070025,0.022610484133220723,0.013193810787201783,0.03202715747923966
away,40-60,6,0-5,15,1331,27,0.0202854996243426,0.019399098978911115,0.008974891120092419,0.02982330683772981
away,40-60,6,2-3,15,1331,15,0.011269722013523666,0.011426367777285324,0.005241162192344647,0.017611573362226
away,40-60,1,2-3,15,1271,14,0.011014948859166011,0.011071919909136451,0.006036314068783265,0.016107525749489638
away,40-60,9,2-4,6,482,5,0.01037344398340249,0.0105344923893311,0.0,0.02141878900134072
away,40-60,1,0-5,15,1271,12,0.00944138473642801,0.00876966428914747,0.004129169968136854,0.013410158610158086
away,40-60,6,2-4,15,1331,10,0.007513148009015778,0.007980973127132685,0.002838164137738886,0.013123782116526483
away,40-60,6,1-5,15,1331,9,0.0067618332081141996,0.006579904589954912,0.002406839525521701,0.010752969654388125
away,40-60,1,1-5,15,1271,8,0.006294256490952006,0.005990680355148338,0.0009558281002620865,0.01102553261003459
away,40-60,9,0-5,6,482,2,0.004149377593360996,0.004480286738351254,0.0,0.010198295406515309
away,40-60,6,0-6,15,1331,6,0.004507888805409466,0.004212983152395876,0.0008287212362229593,0.007597245068568794
away,40-60,6,1-6,15,1331,4,0.003005259203606311,0.0029251737230460637,0.00037223346587708086,0.005478113980215046
away,40-60,1,2-4,15,1271,4,0.003147128245476003,0.0028836523551691706,0.0003782269695310138,0.005389077740807328
away,40-60,9,1-6,6,482,1,0.002074688796680498,0.0018115942028985507,0.0,0.0053623188405797105
away,40-60,1,0-7,15,1271,1,0.0007867820613690008,0.0007407407407407408,0.0,0.0021925925925925923
away,40-60,1,0-6,15,1271,1,0.0007867820613690008,0.0006734006734006734,0.0,0.0019932659932659935
away,40-60,6,2-5,15,1331,1,0.0007513148009015778,0.0006734006734006734,0.0,0.0019932659932659935
away,60-80,9,1-2,5,274,103,0.3759124087591241,0.3775667429443173,0.3266986533171873,0.4284348325714473
away,60-80,1,0-1,47,3240,1028,0.3172839506172839,0.3319491730024109,0.30399911726007295,0.35989922874474883
away,60-80,1,1-2,47,3240,914,0.2820987654320988,0.2852594552708925,0.2621915369640141,0.30832737357777096
away,60-80,6,1-2,26,2085,530,0.2541966426858513,0.2659054154323025,0.2253111978481151,0.3064996330164899
away,60-80,6,0-2,26,2085,530,0.2541966426858513,0.25412288838840386,0.2287570537688598,0.2794887230079479
away,60-80,9,0-2,5,274,67,0.24452554744525548,0.22985354691075513,0.16835635478665273,0.29135073903485753
away,60-80,1,0-2,47,3240,655,0.2021604938271605,0.19477575864861352,0.17547393749221676,0.21407757980501027
away,60-80,6,1-3,26,2085,417,0.2,0.19402861667928126,0.16234086583619187,0.22571636752237065
away,60-80,9,0-1,5,274,41,0.14963503649635038,0.17297025171624714,0.10493446940823394,0.24100603402426035
away,60-80,9,1-3,5,274,34,0.12408759124087591,0.12798321891685735,0.10133987430807212,0.15462656352564258
away,60-80,1,1-3,47,3240,387,0.11944444444444445,0.11541598878528296,0.09981440378498908,0.13101757378557685
away,60-80,6,0-1,26,2085,192,0.0920863309352518,0.09517927759829249,0.06672632826034464,0.12363222693624035
away,60-80,6,0-3,26,2085,205,0.09832134292565947,0.09327775726672513,0.0714617682317651,0.11509374630168516
away,60-80,9,0-3,5,274,16,0.058394160583941604,0.04840884820747521,0.01718542135012855,0.07963227506482187
away,60-80,1,0-3,47,3240,147,0.04537037037037037,0.04055032372279641,0.030239255240924405,0.05086139220466842
away,60-80,6,1-4,26,2085,78,0.03741007194244604,0.034467888793571724,0.01975719542393971,0.04917858216320374
away,60-80,6,2-3,26,2085,62,0.02973621103117506,0.030819345521664678,0.019719605273032875,0.04191908577029648
away,60-80,9,2-3,5,274,7,0.025547445255474453,0.02652173913043478,0.011683142342618892,0.04136033591825067
away,60-80,6,0-4,26,2085,34,0.01630695443645084,0.015167774735083637,0.009298214273029994,0.02103733519713728
away,60-80,1,2-3,47,3240,38,0.011728395061728396,0.011756163199588231,0.006932921225870288,0.016579405173306173
away,60-80,1,1-4,47,3240,32,0.009876543209876543,0.009398589813424016,0.0058899160922031785,0.012907263534644855
away,60-80,9,1-4,5,274,3,0.010948905109489052,0.008347826086956523,0.0,0.018381789432309097
away,60-80,6,2-4,26,2085,15,0.007194244604316547,0.007192043614831585,0.0024956689425116897,0.011888418287151481
away,60-80,9,0-4,5,274,2,0.0072992700729927005,0.0061739130434782605,0.0,0.014105999827934397
away,60-80,1,0-4,47,3240,21,0.006481481481481481,0.005611211820590212,0.0028516467507927953,0.008370776890387628
away,60-80,6,0-5,26,2085,8,0.0038369304556354917,0.0036484961714474346,0.0008173665323543107,0.006479625810540558
away,60-80,6,1-5,26,2085,8,0.0038369304556354917,0.0036222209261708854,0.0008208320593770056,0.006423609792964765
away,60-80,9,2-4,5,274,1,0.0036496350364963502,0.002173913043478261,0.0,0.006434782608695653
away,60-80,1,2-4,47,3240,7,0.0021604938271604936,0.002144277511333789,0.00048413705222661663,0.0038044179704409616
away,60-80,6,2-5,26,2085,3,0.0014388489208633094,0.0012560132506848596,0.0,0.002620384430021148
away,60-80,1,0-5,47,3240,5,0.0015432098765432098,0.0011835455155460226,0.0001902932068951616,0.0021767978241968838
away,60-80,6,3-4,26,2085,2,0.0009592326139088729,0.0009157509157509158,0.0,0.0027106227106227098
away,60-80,1,3-4,47,3240,2,0.0006172839506172839,0.00075236388908371,0.0,0.001805734967893741
away,60-80,1,1-5,47,3240,2,0.0006172839506172839,0.0006087198091316142,0.0,0.001469593036534759
away,60-80,6,0-6,26,2085,1,0.00047961630695443646,0.0003965107057890563,0.0,0.0011736716891356065
away,60-80,1,1-8,47,3240,1,0.00030864197530864197,0.0003606202668589975,0.0,0.0010674359899026323
away,60-80,1,0-6,47,3240,1,0.00030864197530864197,0.00023380874444704235,0.0,0.0006920738835632453
away,80-100,9,1-2,13,373,151,0.40482573726541554,0.41588639407500216,0.34450354742755473,0.4872692407224496
away,80-100,1,0-1,56,2401,929,0.38692211578508956,0.41444892771002345,0.3826712155113643,0.4462266399086826
away,80-100,6,1-2,29,1666,552,0.33133253301320525,0.34532914989087826,0.30817336395029116,0.38248493583146537
away,80-100,1,1-2,56,2401,754,0.31403581840899625,0.31808815738884694,0.29353808989751357,0.3426382248801803
away,80-100,9,0-1,13,373,115,0.30831099195710454,0.30615436384702055,0.23631325891845112,0.37599546877559
away,80-100,6,0-2,29,1666,425,0.25510204081632654,0.23751605509563617,0.1996689634880256,0.27536314670324674
away,80-100,6,0-1,29,1666,281,0.16866746698679472,0.19238286285325853,0.14544458955376946,0.2393211361527476
away,80-100,9,0-2,13,373,57,0.15281501340482573,0.1476765323652103,0.10399962745040452,0.19135343728001608
away,80-100,1,0-2,56,2401,385,0.16034985422740525,0.14107635120491707,0.12291890725823783,0.1592337951515963
away,80-100,6,1-3,29,1666,228,0.1368547418967587,0.12125506921503985,0.09637406751148817,0.14613607091859154
away,80-100,1,1-3,56,2401,194,0.0807996668054977,0.07023483252197239,0.05655735823674928,0.0839123068071955
away,80-100,9,1-3,13,373,27,0.07238605898123325,0.06513869946579706,0.03569299360861415,0.09458440532297997
away,80-100,6,2-3,29,1666,70,0.04201680672268908,0.04415448810185514,0.03023591819205943,0.05807305801165085
away,80-100,6,0-3,29,1666,69,0.04141656662665066,0.03542032421493151,0.024332285714776546,0.04650836271508648
away,80-100,9,2-3,13,373,9,0.024128686327077747,0.03374926766347958,0.009972557471080164,0.057525977855879
away,80-100,1,2-3,56,2401,61,0.025406080799666806,0.028622991603785414,0.01784919081228038,0.03939679239529045
away,80-100,9,0-3,13,373,9,0.024128686327077747,0.02061793318599126,0.0065087902206298655,0.03472707615135265
away,80-100,1,0-3,56,2401,53,0.022074135776759683,0.016800543119272,0.011011433386248656,0.022589652852295344
away,80-100,6,1-4,29,1666,20,0.012004801920768308,0.012421323804090747,0.006098717862040346,0.01874392974614115
away,80-100,6,2-4,29,1666,12,0.007202881152460984,0.006115264535925035,0.0022520230289021052,0.009978506042947964
away,80-100,1,2-4,56,2401,9,0.003748438150770512,0.005616887612992507,0.0012354503234254625,0.00999832490255955
away,80-100,9,3-4,13,373,2,0.005361930294906166,0.005,0.0,0.011840227916430707
away,80-100,9,1-4,13,373,2,0.005361930294906166,0.004450549450549451,0.0,0.010846843989298426
away,80-100,6,0-4,29,1666,6,0.003601440576230492,0.003202589881529823,0.0,0.006514044933952911
away,80-100,1,1-4,56,2401,7,0.0029154518950437317,0.002011391818074473,0.00042903570135583574,0.0035937479347931105
away,80-100,1,0-4,56,2401,5,0.0020824656393169513,0.0016127343072656081,0.00022059115833996269,0.0030048774561912536
away,80-100,9,0-4,13,373,1,0.002680965147453083,0.001326259946949602,0.0,0.003925729442970822
away,80-100,6,0-5,29,1666,1,0.0006002400960384153,0.0012315270935960591,0.0,0.0036453201970443345
away,80-100,1,2-5,56,2401,1,0.00041649312786339027,0.000576036866359447,0.0,0.001705069124423963
away,80-100,6,1-5,29,1666,1,0.0006002400960384153,0.0004856726566294318,0.0,0.0014375910636231178
away,80-100,6,2-6,29,1666,1,0.0006002400960384153,0.0004856726566294318,0.0,0.0014375910636231178
away,80-100,1,1-8,56,2401,1,0.00041649312786339027,0.0004578754578754579,0.0,0.0013553113553113557
away,80-100,1,0-5,56,2401,2,0.0008329862557267805,0.0004532703886152162,0.0,0.001078599929098611
away,100-120,9,1-2,6,133,60,0.45112781954887216,0.5014692802408319,0.29327372215067116,0.7096648383309927
away,100-120,6,1-2,33,1249,540,0.4323458767013611,0.44413155554097833,0.4077120113751943,0.48055109970676235
away,100-120,1,1-2,54,1457,573,0.39327385037748797,0.40599355642244367,0.3686943888242304,0.44329272402065695
away,100-120,1,0-1,54,1457,529,0.3630748112560055,0.38832544850335216,0.34179120247694245,0.43485969452976186
away,100-120,9,0-1,6,133,49,0.3684210526315789,0.3023775314723591,0.14419010713045746,0.4605649558142607
away,100-120,6,0-2,33,1249,218,0.1745396317053643,0.16775205438808813,0.13940129289477876,0.1961028158813975
away,100-120,6,0-1,33,1249,178,0.14251401120896717,0.16102061900911063,0.12217176718086417,0.1998694708373571
away,100-120,9,0-2,6,133,15,0.11278195488721804,0.10372451423097974,0.024003608044810124,0.18344542041714934
away,100-120,6,1-3,33,1249,152,0.12169735788630905,0.10062321123482433,0.073486676013143,0.12775974645650567
away,100-120,1,0-2,54,1457,157,0.10775566231983527,0.09609391041026313,0.07743511531211802,0.11475270550840824
away,100-120,6,2-3,33,1249,102,0.08166533226581266,0.08570783015565148,0.060948208264101314,0.11046745204720164
away,100-120,1,1-3,54,1457,110,0.07549759780370624,0.06550924630719437,0.04376142097234237,0.08725707164204638
away,100-120,6,0-3,33,1249,35,0.02802241793434748,0.02702400675976041,0.015209096150720518,0.0388389173688003
away,100-120,9,2-3,6,133,2,0.015037593984962405,0.026413690476190476,0.0,0.07233266822353489
away,100-120,1,2-3,54,1457,49,0.033630748112560054,0.026188830167592905,0.016842800944590407,0.035534859390595405
away,100-120,9,2-4,6,133,1,0.007518796992481203,0.023809523809523808,0.0,0.07047619047619047
away,100-120,9,1-3,6,133,4,0.03007518796992481,0.021372126436781613,0.0007183188407050879,0.042025934032858134
away,100-120,9,0-3,6,133,2,0.015037593984962405,0.020833333333333332,0.0,0.061666666666666675
away,100-120,1,0-3,54,1457,26,0.017844886753603295,0.012006775755926857,0.005829235105712254,0.01818431640614146
away,100-120,6,2-4,33,1249,10,0.008006405124099279,0.005153803340251866,0.00027655329218030655,0.010031053388323425
away,100-120,6,3-4,33,1249,4,0.0032025620496397116,0.0027763464605569874,0.0,0.006078853516136181
away,100-120,6,1-4,33,1249,4,0.0032025620496397116,0.002633467001283093,0.0,0.00569032189631264
away,100-120,1,2-4,54,1457,4,0.002745367192862045,0.0021798033625687807,0.0,0.00445826300527814
away,100-120,6,0-4,33,1249,4,0.0032025620496397116,0.0020649746943329,6.230986390736836e-05,0.004067639524758432
away,100-120,1,1-4,54,1457,4,0.002745367192862045,0.0016466944961265812,0.0,0.0033609851564225107
away,100-120,1,3-4,54,1457,2,0.0013726835964310226,0.0008818342151675485,0.0,0.0020924093687002213
away,100-120,1,0-4,54,1457,2,0.0013726835964310226,0.0006865709246661627,0.0,0.001634061099830935
away,100-120,6,0-5,33,1249,1,0.0008006405124099279,0.0005611672278338944,0.0,0.0016610549943883268
away,100-120,6,2-5,33,1249,1,0.0008006405124099279,0.0005509641873278236,0.0,0.001630853994490358
away,100-120,1,0-5,54,1457,1,0.0006863417982155113,0.0004873294346978557,0.0,0.0014424951267056531
away,120-150,9,1-2,9,173,82,0.47398843930635837,0.5271517302573203,0.387988088889954,0.6663153716246866
away,120-150,6,1-2,39,483,204,0.422360248447205,0.4530781896166512,0.38159807604301244,0.52455830319029
away,120-150,1,1-2,78,950,388,0.40842105263157896,0.434294783228395,0.37429875843628946,0.4942908080205005
away,120-150,1,0-1,78,950,387,0.4073684210526316,0.433889993420476,0.3742372289942487,0.4935427578467033
away,120-150,9,0-1,9,173,69,0.3988439306358382,0.37885241052942914,0.24773896372415047,0.5099658573347078
away,120-150,6,0-2,39,483,72,0.14906832298136646,0.16765599073291382,0.10508668420846648,0.23022529725736116
away,120-150,6,0-1,39,483,83,0.17184265010351968,0.157595965288273,0.10253944310430368,0.2126524874722423
away,120-150,6,1-3,39,483,47,0.09730848861283643,0.09693355077970463,0.06580337671817299,0.12806372484123626
away,120-150,6,2-3,39,483,50,0.10351966873706005,0.08138250638250638,0.04494122217360446,0.1178237905914083
away,120-150,1,0-2,78,950,84,0.08842105263157894,0.05897449411380445,0.041534915649712456,0.07641407257789644
away,120-150,9,2-3,9,173,12,0.06936416184971098,0.04737914489467284,0.012958458812445312,0.08179983097690037
away,120-150,1,1-3,78,950,51,0.05368421052631579,0.03737255029821357,0.019879519890007073,0.054865580706420065
away,120-150,9,0-2,9,173,6,0.03468208092485549,0.03498307535574616,0.0,0.07251943504164673
away,120-150,1,2-3,78,950,23,0.024210526315789474,0.020448010892901068,0.007905991270448704,0.03299003051535343
away,120-150,6,0-3,39,483,6,0.012422360248447204,0.013968723584108198,0.0,0.028754696196769958
away,120-150,9,1-3,9,173,4,0.023121387283236993,0.011633638962831509,0.0,0.026991703575977886
away,120-150,6,2-4,39,483,10,0.020703933747412008,0.011451796067180683,0.0009443732168931736,0.021959218917468194
away,120-150,6,3-4,39,483,5,0.010351966873706004,0.009725459725459726,0.0,0.021480349349482467
away,120-150,1,2-10,78,950,1,0.0010526315789473684,0.00641025641025641,0.0,0.018974358974358972
away,120-150,1,0-3,78,950,10,0.010526315789473684,0.005103696870794092,0.00033215186085348587,0.009875241880734697
away,120-150,6,1-4,39,483,3,0.006211180124223602,0.003837188452573068,0.0,0.008492201217219242
away,120-150,6,2-8,39,483,1,0.002070393374741201,0.003205128205128205,0.0,0.00948717948717949
away,120-150,1,1-8,78,950,1,0.0010526315789473684,0.0016025641025641025,0.0,0.004743589743589743
away,120-150,1,4-5,78,950,1,0.0010526315789473684,0.0008012820512820513,0.0,0.0023717948717948715
away,120-150,6,0-5,39,483,1,0.002070393374741201,0.0005827505827505828,0.0,0.001724941724941724
away,120-150,6,3-5,39,483,1,0.002070393374741201,0.0005827505827505828,0.0,0.001724941724941724
away,120-150,1,3-5,78,950,1,0.0010526315789473684,0.00032873109796186715,0.0,0.0009730440499671272
away,120-150,1,3-4,78,950,1,0.0010526315789473684,0.0002981514609421586,0.0,0.0008825283243887908
away,120-150,1,2-4,78,950,1,0.0010526315789473684,0.0002465483234714004,0.0,0.0007297830374753459
away,120-150,1,1-4,78,950,1,0.0010526315789473684,0.00022893772893772894,0.0,0.0006776556776556769
away,150-1000,9,0-1,8,40,22,0.55,0.6256944444444443,0.45366209166964044,0.7977267972192482
away,150-1000,1,1-2,44,248,108,0.43548387096774194,0.46817544828908453,0.3772759761724882,0.5590749204056809
away,150-1000,6,1-2,39,237,115,0.48523206751054854,0.45210442804645706,0.35595229700953285,0.5482565590833812
away,150-1000,1,0-1,44,248,102,0.4112903225806452,0.3852808176671813,0.2905767214501662,0.4799849138841964
away,150-1000,9,1-2,8,40,13,0.325,0.22083333333333333,0.0817257610496267,0.35994090561703995
away,150-1000,6,0-1,39,237,51,0.21518987341772153,0.19643998513563732,0.12209711231774614,0.2707828579535285
away,150-1000,6,0-2,39,237,37,0.15611814345991562,0.18790760500905426,0.09720556608246562,0.2786096439356429
away,150-1000,9,2-3,8,40,3,0.075,0.11805555555555555,0.0,0.25210945341333585
away,150-1000,6,2-3,39,237,12,0.05063291139240506,0.07716456383123049,0.01648084076317357,0.1378482868992874
away,150-1000,1,1-3,44,248,11,0.04435483870967742,0.0661568229750048,0.011005212024365059,0.12130843392564455
away,150-1000,1,0-2,44,248,18,0.07258064516129033,0.05050694255239709,0.019342479350491527,0.08167140575430265
away,150-1000,9,0-2,8,40,2,0.05,0.035416666666666666,0.0,0.08573571817247752
away,150-1000,6,1-3,39,237,13,0.05485232067510549,0.0339485527891325,0.004647568781299974,0.06324953679696503
away,150-1000,6,0-3,39,237,6,0.02531645569620253,0.026793839547462735,0.0,0.05687673175791598
away,150-1000,6,3-8,39,237,2,0.008438818565400843,0.019230769230769232,0.0,0.04702765528453985
away,150-1000,1,2-3,44,248,7,0.028225806451612902,0.017253705890069526,0.003480374751704705,0.031027037028434346
away,150-1000,1,2-8,44,248,1,0.004032258064516129,0.011363636363636364,0.0,0.03363636363636363
away,150-1000,6,0-6,39,237,1,0.004219409282700422,0.00641025641025641,0.0,0.01897435897435898
away,150-1000,1,0-3,44,248,1,0.004032258064516129,0.0012626262626262625,0.0,0.003737373737373737
draw,100-120,9,1-1,29,1105,803,0.7266968325791855,0.7166330131993877,0.6770753729398764,0.7561906534588989
draw,100-120,1,1-1,161,4381,2746,0.6267975348094043,0.6364801597206875,0.6184076635668331,0.6545526558745419
draw,100-120,6,1-1,59,997,590,0.5917753259779338,0.613952767994969,0.5729835884621539,0.6549219475277841
draw,100-120,6,2-2,59,997,301,0.30190571715145437,0.29213798799212215,0.25200915672679225,0.33226681925745205
draw,100-120,1,0-0,161,4381,915,0.20885642547363614,0.18214194604564998,0.16244040187838396,0.201843490212916
draw,100-120,1,2-2,161,4381,697,0.15909609678155673,0.1745773070670724,0.15626050082620693,0.19289411330793785
draw,100-120,9,0-0,29,1105,187,0.16923076923076924,0.15151305665642195,0.11823716599248715,0.18478894732035675
draw,100-120,9,2-2,29,1105,112,0.10135746606334842,0.1279688466531118,0.08500310328943816,0.17093459001678546
draw,100-120,6,0-0,59,997,97,0.09729187562688064,0.08646659680743662,0.059539142575109366,0.11339405103976388
draw,100-120,6,3-3,59,997,8,0.00802407221664995,0.007122851874484075,0.0010570810661364328,0.013188622682831717
draw,100-120,1,3-3,161,4381,23,0.005249942935402876,0.006800587166590312,0.003336816655720405,0.01026435767746022
draw,100-120,9,3-3,29,1105,3,0.0027149321266968325,0.0038850834910784562,0.0,0.008313175804064567
draw,100-120,6,4-4,59,997,1,0.0010030090270812437,0.00031979533098816753,0.0,0.0009465941797249757
draw,120-150,1,1-1,132,1986,1325,0.6671701913393756,0.6933156948472691,0.6641264552282734,0.7225049344662647
draw,120-150,9,1-1,21,440,318,0.7227272727272728,0.6884081650100091,0.6346523610776585,0.7421639689423597
draw,120-150,6,1-1,107,998,534,0.5350701402805611,0.5367413412445743,0.4864958222749017,0.586986860214247
draw,120-150,6,2-2,107,998,351,0.3517034068136273,0.38220214833748,0.3291207018804859,0.4352835947944741
draw,120-150,9,0-0,21,440,84,0.19090909090909092,0.18917132869480713,0.12960294977645254,0.24873970761316172
draw,120-150,1,2-2,132,1986,366,0.18429003021148035,0.16713433529907207,0.14286511750452038,0.19140355309362375
draw,120-150,1,0-0,132,1986,286,0.14400805639476336,0.13535368463421965,0.11408022275085522,0.15662714651758408
draw,120-150,9,2-2,21,440,38,0.08636363636363636,0.12242050629518365,0.07641600417598532,0.168425008414382
draw,120-150,6,0-0,107,998,84,0.0841683366733467,0.0670304056269613,0.04569162293327987,0.08836918832064274
draw,120-150,6,3-3,107,998,28,0.028056112224448898,0.013780162833286296,0.004265849627237925,0.02329447603933467
draw,120-150,1,3-3,132,1986,9,0.004531722054380665,0.004196285219439161,0.0,0.008537063918368277
draw,120-150,6,4-4,107,998,1,0.001002004008016032,0.00024594195769798326,0.0,0.0007279881947860302
draw,150-1000,1,1-1,12,134,94,0.7014925373134329,0.7164381914381915,0.6290592954356076,0.8038170874407755
draw,150-1000,6,1-1,18,59,39,0.6610169491525424,0.6402717652717652,0.468374533393195,0.8121689971503354
draw,150-1000,9,1-1,1,6,3,0.5,0.5,0.5,0.5
draw,150-1000,9,2-2,1,6,2,0.3333333333333333,0.3333333333333333,0.3333333333333333,0.3333333333333333
draw,150-1000,6,2-2,18,59,17,0.288135593220339,0.318963443963444,0.14183431904055527,0.49609256888633274
draw,150-1000,9,0-0,1,6,1,0.16666666666666666,0.16666666666666666,0.16666666666666666,0.16666666666666666
draw,150-1000,1,2-2,12,134,26,0.19402985074626866,0.14709595959595959,0.05676767676767676,0.23742424242424243
draw,150-1000,1,0-0,12,134,14,0.1044776119402985,0.13646584896584893,0.0633317641356291,0.20959993379606875
draw,150-1000,6,3-3,18,59,1,0.01694915254237288,0.027777777777777776,0.0,0.08222222222222222
draw,150-1000,6,0-0,18,59,2,0.03389830508474576,0.012987012987012986,0.0,0.03092717773414739
home,0-40,9,2-0,3,275,89,0.3236363636363636,0.3241512625347348,0.2377866950897698,0.4105158299796998
home,0-40,6,2-0,24,2229,613,0.2750112157918349,0.2780434431420406,0.24777575258611992,0.3083111336979613
home,0-40,1,2-0,21,1783,426,0.23892316320807627,0.23879049234411198,0.20073458940416788,0.2768463952840561
home,0-40,6,3-0,24,2229,492,0.22072678331090176,0.21759932734224308,0.18790373660248152,0.24729491808200463
home,0-40,1,3-0,21,1783,386,0.21648906337633203,0.20941022571773382,0.1679248586912966,0.250895592744171
home,0-40,1,1-0,21,1783,332,0.1862030286034773,0.18758600588926844,0.16675676354782967,0.2084152482307072
home,0-40,9,2-1,3,275,47,0.1709090909090909,0.17103620474406991,0.09148308767403215,0.25058932181410765
home,0-40,9,3-1,3,275,46,0.16727272727272727,0.16664653054649428,0.12067782716487856,0.21261523392811
home,0-40,9,3-0,3,275,41,0.14909090909090908,0.14953082839998388,0.07633802006751908,0.2227236367324487
home,0-40,1,3-1,21,1783,227,0.12731351654514864,0.13065268165765764,0.10522545926679476,0.1560799040485205
home,0-40,6,3-1,24,2229,271,0.12157918349035442,0.12121295842804197,0.10033138956914342,0.14209452728694053
home,0-40,1,2-1,21,1783,150,0.08412787436904094,0.0916023039651668,0.05544949133782826,0.12775511659250535
home,0-40,6,4-0,24,2229,195,0.08748317631224764,0.08516952580282959,0.06432108657052586,0.10601796503513332
home,0-40,6,2-1,24,2229,175,0.07851054284432481,0.0809668683503718,0.05809627609021897,0.10383746061052462
home,0-40,9,1-0,3,275,22,0.08,0.08014175828601346,0.06467319095832949,0.09561032561369742
home,0-40,9,4-0,3,275,17,0.06181818181818182,0.06157625548709275,0.03710569647026726,0.08604681450391824
home,0-40,6,4-1,24,2229,137,0.061462539255271426,0.060815118317894996,0.04603162679505033,0.07559860984073967
home,0-40,6,1-0,24,2229,111,0.04979811574697174,0.053354884756433796,0.03085060478106526,0.07585916473180233
home,0-40,1,4-0,21,1783,90,0.050476724621424565,0.04795365194766665,0.02461932270680937,0.07128798118852393
home,0-40,6,5-0,24,2229,92,0.04127411395244504,0.04009706825437074,0.026674495640058242,0.05351964086868324
home,0-40,1,4-1,21,1783,70,0.03925967470555244,0.037979808881411524,0.0272371873504136,0.04872243041240945
home,0-40,9,4-1,3,275,6,0.02181818181818182,0.021666465305464944,0.0,0.0537575086809451
home,0-40,1,5-0,21,1783,36,0.020190689848569827,0.019013100243490934,0.0058555191659010325,0.032170681321080835
home,0-40,9,3-2,3,275,5,0.01818181818181818,0.01808223591478394,0.004187233228150877,0.031977238601417005
home,0-40,6,5-1,24,2229,39,0.017496635262449527,0.01697344937650241,0.009437807934862036,0.024509090818142787
home,0-40,6,6-0,24,2229,37,0.016599371915657246,0.01604829883631599,0.004895003721438475,0.02720159395119351
home,0-40,1,5-1,21,1783,21,0.011777902411665733,0.011206609030947647,0.006336143205946578,0.016077074855948715
home,0-40,6,3-2,24,2229,25,0.011215791834903545,0.011113892557201554,0.005848897663380648,0.01637888745102246
home,0-40,1,3-2,21,1783,18,0.010095344924284913,0.010957929239985092,0.0044713823851721965,0.01744447609479799
home,0-40,6,4-2,24,2229,22,0.00986989681471512,0.009918348858511823,0.005504988090049124,0.014331709626974522
home,0-40,1,6-0,21,1783,8,0.00448681996634885,0.0043214850674386214,0.0004606435811962905,0.008182326553680952
home,0-40,1,4-2,21,1783,7,0.003925967470555244,0.004127761434161074,0.000684044975344373,0.007571477892977775
home,0-40,9,5-0,3,275,1,0.0036363636363636364,0.003584229390681004,0.0,0.01060931899641577
home,0-40,9,5-1,3,275,1,0.0036363636363636364,0.003584229390681004,0.0,0.01060931899641577
home,0-40,6,5-2,24,2229,8,0.003589053387169134,0.0035074323956205944,0.0008569330502082662,0.006157931741032923
home,0-40,1,6-1,21,1783,6,0.0033651149747616375,0.003358731337664847,0.00018068224192339033,0.006536780433406303
home,0-40,1,5-2,21,1783,4,0.002243409983174425,0.002030018356548969,0.0,0.004402796800782956
home,0-40,6,6-1,24,2229,4,0.001794526693584567,0.001705974566916816,0.00014643326664944933,0.003265515867184183
home,0-40,6,7-1,24,2229,3,0.0013458950201884253,0.0012587611853968903,0.0,0.0026200758009302374
home,0-40,6,8-0,24,2229,2,0.0008972633467922835,0.0008635810423825887,0.0,0.0020341525674433575
home,0-40,1,7-0,21,1783,1,0.0005608524957936063,0.0005232862375719519,0.0,0.0015489272632129777
home,0-40,1,6-2,21,1783,1,0.0005608524957936063,0.00048590864917395527,0.0,0.0014382896015549076
home,0-40,6,4-3,24,2229,1,0.00044863167339614175,0.0004734848484848485,0.0,0.0014015151515151519
home,0-40,6,7-0,24,2229,1,0.00044863167339614175,0.0004480286738351255,0.0,0.0013261648745519713
home,0-40,6,6-2,24,2229,1,0.00044863167339614175,0.000429553264604811,0.0,0.0012714776632302403
home,40-60,8,1-0,1,1,1,1.0,1.0,1.0,1.0
home,40-60,9,2-0,11,830,262,0.3156626506024096,0.317390681764776,0.26554802305965025,0.3692333404699017
home,40-60,6,2-0,35,2955,900,0.30456852791878175,0.30068662149760633,0.2699380731051695,0.3314351698900432
home,40-60,1,1-0,42,3515,1003,0.28534850640113796,0.2941117624511752,0.26605747464722984,0.3221660502551206
home,40-60,1,2-0,42,3515,978,0.2782361308677098,0.2730566217275924,0.2514554154088487,0.29465782804633606
home,40-60,9,2-1,11,830,219,0.26385542168674697,0.2703775003677247,0.2172885227045075,0.32346647803094186
home,40-60,6,2-1,35,2955,559,0.18917089678510998,0.20208330044683528,0.16372490918098453,0.24044169171268603
home,40-60,9,1-0,11,830,156,0.18795180722891566,0.1913467560063343,0.12034565002807904,0.2623478619845896
home,40-60,1,2-1,42,3515,569,0.16187766714082505,0.16763993663261664,0.14503927759665056,0.19024059566858273
home,40-60,6,3-1,35,2955,467,0.1580372250423012,0.15528959246808938,0.13155106311955106,0.1790281218166277
home,40-60,6,3-0,35,2955,396,0.13401015228426397,0.12617563903722592,0.09917625016224482,0.15317502791220702
home,40-60,6,1-0,35,2955,308,0.10423011844331641,0.10958871910189984,0.08170217171707281,0.13747526648672687
home,40-60,1,3-0,42,3515,406,0.1155049786628734,0.10935934705151006,0.08726314583336073,0.13145554826965938
home,40-60,1,3-1,42,3515,386,0.10981507823613086,0.1079283882330946,0.0947842260504835,0.1210725504157057
home,40-60,9,3-0,11,830,91,0.10963855421686747,0.10649012699522677,0.06696948602969863,0.1460107679607549
home,40-60,9,3-1,11,830,65,0.0783132530120482,0.0731296721310224,0.04619837443240192,0.10006096982964287
home,40-60,6,3-2,35,2955,81,0.027411167512690356,0.02756570330025799,0.017966311344568348,0.03716509525594763
home,40-60,6,4-1,35,2955,85,0.028764805414551606,0.027348383248824402,0.01773369497668267,0.03696307152096613
home,40-60,6,4-0,35,2955,79,0.02673434856175973,0.025454319518889903,0.01484269087502022,0.036065948162759584
home,40-60,1,4-0,42,3515,54,0.015362731152204837,0.0145600486216418,0.0088434144569531,0.020276682786330498
home,40-60,9,4-0,11,830,13,0.01566265060240964,0.014050527645674786,0.0024839940514628164,0.025617061239886756
home,40-60,1,3-2,42,3515,45,0.012802275960170697,0.013416857265297883,0.0074673281325328515,0.019366386398062915
home,40-60,9,4-1,11,830,11,0.01325301204819277,0.011158973281036898,0.0,0.024461502752791783
home,40-60,9,3-2,11,830,9,0.010843373493975903,0.010662388686776044,0.002078884424335745,0.019245892949216345
home,40-60,1,4-1,42,3515,33,0.009388335704125178,0.008820560767359644,0.0052403521385889894,0.0124007693961303
home,40-60,6,4-2,35,2955,24,0.008121827411167513,0.008324672843064583,0.005011727537318962,0.011637618148810206
home,40-60,6,5-0,35,2955,27,0.009137055837563452,0.00813740347776813,0.0027877001087279396,0.01348710684680832
home,40-60,6,5-1,35,2955,16,0.0054145516074450084,0.0051894781576120146,0.001915239203923494,0.008463717111300536
home,40-60,1,5-1,42,3515,17,0.0048364153627311526,0.004525607245603577,0.002171682519541358,0.006879531971665795
home,40-60,1,4-2,42,3515,9,0.0025604551920341396,0.002549080239466851,0.0008287513661212151,0.004269409112812487
home,40-60,9,5-0,11,830,2,0.0024096385542168677,0.002442795299938157,0.0,0.005766196480751538
home,40-60,1,5-0,42,3515,9,0.0025604551920341396,0.002430281809644225,0.0006265930069061113,0.004233970612382339
home,40-60,9,4-2,11,830,1,0.0012048192771084338,0.0018552875695732837,0.0,0.0054916512059369205
home,40-60,6,4-3,35,2955,5,0.001692047377326565,0.0016551898818172365,0.0,0.003314442040598273
home,40-60,9,5-1,11,830,1,0.0012048192771084338,0.001095290251916758,0.0,0.0032420591456736028
home,40-60,1,6-1,42,3515,3,0.0008534850640113798,0.0008188083845978584,0.0,0.001724914800204994
home,40-60,6,6-0,35,2955,2,0.0006768189509306261,0.00062984496124031,0.0,0.0014912083784560234
home,40-60,6,5-2,35,2955,2,0.0006768189509306261,0.0006081780538302276,0.0,0.0014387811836325606
home,40-60,1,5-2,42,3515,2,0.0005689900426742532,0.0005320730039831163,0.0,0.001260452113232404
home,40-60,6,5-4,35,2955,1,0.00033840947546531303,0.0003322259136212625,0.0,0.000983388704318937
home,40-60,6,7-0,35,2955,1,0.00033840947546531303,0.0003322259136212625,0.0,0.0009833887043189363
home,40-60,6,5-3,35,2955,1,0.00033840947546531303,0.000303951367781155,0.0,0.0008996960486322184
home,40-60,6,6-1,35,2955,1,0.00033840947546531303,0.0002945508100147275,0.0,0.0008718703976435939
home,40-60,1,6-0,42,3515,1,0.0002844950213371266,0.0002506265664160401,0.0,0.0007418546365914787
home,60-80,1,1-0,78,4906,1858,0.37871993477374644,0.3978381886402216,0.3753199979926549,0.42035637928778824
home,60-80,9,2-1,5,277,94,0.33935018050541516,0.3570534901701053,0.27448189343987645,0.43962508690033414
home,60-80,9,1-0,5,277,82,0.296028880866426,0.32209720999194685,0.17321206445317158,0.4709823555307221
home,60-80,6,2-1,34,2389,700,0.29300962745918796,0.30052569699951187,0.26696118952256237,0.33409020447646137
home,60-80,6,2-0,34,2389,684,0.2863122645458351,0.26560708201847755,0.2347225563320818,0.2964916077048733
home,60-80,1,2-1,78,4906,1141,0.23257236037505097,0.24125688581508145,0.22332447252179805,0.25918929910836486
home,60-80,1,2-0,78,4906,1135,0.23134936812066856,0.21713671079072247,0.1995087876414488,0.23476463393999614
home,60-80,6,1-0,34,2389,376,0.15738802846379238,0.16365246218298132,0.13470336488733792,0.19260155947862473
home,60-80,9,2-0,5,277,51,0.18411552346570398,0.16363011987366993,0.0758897746358136,0.2513704651115263
home,60-80,6,3-1,34,2389,305,0.12766848053578903,0.12779174738941207,0.10227386012228551,0.15330963465653863
home,60-80,9,3-1,5,277,27,0.09747292418772563,0.08670824886511161,0.03168239095507478,0.14173410677514844
home,60-80,1,3-1,78,4906,414,0.08438646555238484,0.07770333358914996,0.06645263858710715,0.08895402859119278
home,60-80,6,3-2,34,2389,109,0.04562578484721641,0.058950377911286454,0.0341061185678824,0.08379463725469051
home,60-80,6,3-0,34,2389,134,0.05609041439933026,0.048930861981055895,0.03680150603093724,0.061060217931174554
home,60-80,9,3-2,5,277,10,0.036101083032490974,0.035833116029194464,0.0058680406176027655,0.06579819144078616
home,60-80,1,3-0,78,4906,181,0.03689359967386873,0.030252227530395245,0.02189063718310153,0.03861381787768896
home,60-80,9,3-0,5,277,9,0.032490974729241874,0.024329231191976292,0.0,0.05927350453808819
home,60-80,1,3-2,78,4906,94,0.019160211985324093,0.022008830205489896,0.015643022169543993,0.0283746382414358
home,60-80,6,4-1,34,2389,35,0.014650481372959398,0.015014651913477466,0.010009090305408998,0.020020213521545933
home,60-80,6,4-2,34,2389,22,0.009208874005860193,0.010300845697777847,0.005400630460515003,0.015201060935040691
home,60-80,9,4-0,5,277,2,0.007220216606498195,0.005410312273057371,0.0,0.011945102939625096
home,60-80,9,4-2,5,277,2,0.007220216606498195,0.0049382716049382715,0.0,0.014617283950617285
home,60-80,1,4-1,78,4906,29,0.0059111292295148795,0.004886521066769983,0.0025794676905928487,0.007193574442947118
home,60-80,1,4-0,78,4906,26,0.005299633102323685,0.004058748062570296,0.002013583094357062,0.006103913030783531
home,60-80,6,4-0,34,2389,8,0.0033486814566764337,0.0028053201727977887,0.0008606381365410551,0.0047500022090545225
home,60-80,6,5-1,34,2389,6,0.0025115110925073253,0.002574316731719368,0.000536779652134489,0.004611853811304247
home,60-80,1,4-2,78,4906,14,0.0028536485935589076,0.00249895389377002,0.0011933497465943378,0.0038045580409457025
home,60-80,6,4-3,34,2389,4,0.0016743407283382169,0.0018342157162786609,0.0,0.0036826185546970803
home,60-80,6,5-0,34,2389,3,0.0012557555462536626,0.0009642360536842042,0.0,0.0020227711079714036
home,60-80,1,5-1,78,4906,4,0.0008153281695882593,0.0005991332717675429,2.2038372496838653e-05,0.001176228171038247
home,60-80,1,4-3,78,4906,3,0.0006114961271911944,0.0005869578450223612,0.0,0.0012463235234040518
home,60-80,6,5-4,34,2389,1,0.0004185851820845542,0.00040849673202614375,0.0,0.0012091503267973854
home,60-80,6,6-0,34,2389,1,0.0004185851820845542,0.00032679738562091506,0.0,0.0009673202614379082
home,60-80,6,5-2,34,2389,1,0.0004185851820845542,0.00031289111389236547,0.0,0.000926157697121402
home,60-80,1,5-2,78,4906,2,0.00040766408479412964,0.0003126035734731387,0.0,0.000745616778108991
home,60-80,1,5-0,78,4906,2,0.00040766408479412964,0.0002901829628172339,0.0,0.0006900565365997761
home,60-80,1,10-0,78,4906,1,0.00020383204239706482,0.0002465483234714004,0.0,0.0007297830374753459
home,60-80,1,9-1,78,4906,1,0.00020383204239706482,0.00019723865877712034,0.0,0.0005838264299802757
home,60-80,1,6-1,78,4906,1,0.00020383204239706482,0.00012693577050012695,0.0,0.00037572988068037584
home,80-100,1,1-0,54,2216,995,0.4490072202166065,0.48237212543691615,0.4452255969374443,0.519518653936388
home,80-100,9,2-1,7,428,197,0.4602803738317757,0.4284895446618697,0.32138231231216224,0.5355967770115773
home,80-100,6,2-1,29,1114,418,0.3752244165170557,0.39288312579723206,0.34922430511545915,0.43654194647900496
home,80-100,9,1-0,7,428,105,0.24532710280373832,0.3029424966840691,0.17311251327667485,0.4327724800914633
home,80-100,1,2-1,54,2216,646,0.2915162454873646,0.29185086133660615,0.26603845824946876,0.31766326442374354
home,80-100,6,1-0,29,1114,266,0.23877917414721722,0.25406697901552494,0.2081947087186914,0.2999392493123585
home,80-100,6,2-0,29,1114,228,0.20466786355475763,0.18155223088870825,0.14930630685342294,0.21379815492399357
home,80-100,1,2-0,54,2216,346,0.15613718411552346,0.1385512420704378,0.11844565469348596,0.15865682944738968
home,80-100,9,2-0,7,428,59,0.1378504672897196,0.13644850340657047,0.08385379165558404,0.1890432151575569
home,80-100,6,3-1,29,1114,97,0.08707360861759425,0.07064167110730374,0.04184772505951284,0.09943561715509464
home,80-100,9,3-1,7,428,38,0.08878504672897196,0.06865763954717356,0.01740157045651059,0.11991370863783654
home,80-100,6,3-2,29,1114,51,0.04578096947935368,0.04485038213333982,0.026310560556884587,0.06339020370979505
home,80-100,1,3-1,54,2216,115,0.05189530685920578,0.041200831150294874,0.030580803492683037,0.05182085880790671
home,80-100,9,3-2,7,428,17,0.0397196261682243,0.03929560752331838,0.01895546427732316,0.0596357507693136
home,80-100,6,3-0,29,1114,27,0.02423698384201077,0.029036024827099875,0.004362178320439367,0.05370987133376039
home,80-100,1,3-2,54,2216,64,0.02888086642599278,0.026850828496742793,0.016924442470371018,0.03677721452311457
home,80-100,9,3-0,7,428,9,0.02102803738317757,0.019156377565988546,0.004294418364320823,0.03401833676765627
home,80-100,6,4-1,29,1114,11,0.009874326750448833,0.017382278663223553,0.0,0.04062212528689338
home,80-100,1,3-0,54,2216,35,0.0157942238267148,0.013754216063267124,0.008289777694561719,0.01921865443197253
home,80-100,6,4-2,29,1114,7,0.0062836624775583485,0.0042421149233596665,0.0010036676309476832,0.00748056221577165
home,80-100,9,4-2,7,428,1,0.002336448598130841,0.0018796992481203006,0.0,0.0055639097744360905
home,80-100,1,4-3,54,2216,4,0.0018050541516245488,0.0016427844334821076,7.629233812094243e-05,0.0032092765288432726
home,80-100,9,4-0,7,428,1,0.002336448598130841,0.0016420361247947454,0.0,0.004860426929392447
home,80-100,9,4-1,7,428,1,0.002336448598130841,0.001488095238095238,0.0,0.004404761904761904
home,80-100,1,4-0,54,2216,5,0.002256317689530686,0.001438893674035793,0.0,0.003040797398001221
home,80-100,6,5-0,29,1114,3,0.0026929982046678637,0.0013999410551134687,0.0,0.003439357465223737
home,80-100,6,4-3,29,1114,2,0.0017953321364452424,0.0012771392081736908,0.0,0.0030152688974018522
home,80-100,1,4-2,54,2216,3,0.0013537906137184115,0.0010256410256410256,0.0,0.002571311177033177
home,80-100,6,4-0,29,1114,2,0.0017953321364452424,0.0009860265945458642,0.0,0.002328553131186735
home,80-100,6,5-1,29,1114,1,0.0008976660682226212,0.0008410428931875526,0.0,0.002489486963835155
home,80-100,6,8-2,29,1114,1,0.0008976660682226212,0.0008410428931875526,0.0,0.002489486963835155
home,80-100,1,6-1,54,2216,1,0.0004512635379061372,0.0005291005291005291,0.0,0.001566137566137566
home,80-100,1,4-1,54,2216,1,0.0004512635379061372,0.00047483380816714147,0.0,0.0014055080721747401
home,80-100,1,10-0,54,2216,1,0.0004512635379061372,0.00030864197530864197,0.0,0.0009135802469135803
home,100-120,1,1-0,59,1414,620,0.43847241867043846,0.4796061079733386,0.4328785542082918,0.5263336617383854
home,100-120,6,2-1,29,652,265,0.40644171779141103,0.4302844789949381,0.39062622355882193,0.4699427344310543
home,100-120,9,2-1,10,202,92,0.45544554455445546,0.4274560505205667,0.3115982500432512,0.5433138509978821
home,100-120,9,1-0,10,202,76,0.37623762376237624,0.3833708824031405,0.25786414712821615,0.5088776176780648
home,100-120,1,2-1,59,1414,475,0.3359264497878359,0.33415824017126,0.29752925973959427,0.37078722060292574
home,100-120,6,1-0,29,652,215,0.32975460122699385,0.30715039375626857,0.253398134482374,0.3609026530301631
home,100-120,6,2-0,29,652,102,0.15644171779141106,0.14973228308540154,0.11242434781609209,0.187040218354711
home,100-120,9,2-0,10,202,21,0.10396039603960396,0.11858038914490529,0.04744008390372273,0.18972069438608785
home,100-120,1,2-0,59,1414,178,0.12588401697312587,0.10741919209051828,0.0885530270196052,0.12628535716143138
home,100-120,6,3-2,29,652,24,0.03680981595092025,0.04747326970445707,0.019837996657548575,0.07510854275136555
home,100-120,6,3-1,29,652,32,0.049079754601226995,0.03594258095489623,0.013960984737892496,0.057924177171899974
home,100-120,1,3-1,59,1414,65,0.04596888260254597,0.03490590854137674,0.021617646124071698,0.04819417095868178
home,100-120,9,3-1,10,202,4,0.019801980198019802,0.02227342549923195,0.0,0.05456171082540086
home,100-120,1,3-2,59,1414,43,0.03041018387553041,0.02198519057674474,0.011577293414455696,0.032393087739033787
home,100-120,9,4-0,10,202,2,0.009900990099009901,0.02037037037037037,0.0,0.05303703703703702
home,100-120,9,3-2,10,202,4,0.019801980198019802,0.019483273596176822,0.0,0.03969654474439381
home,100-120,1,3-0,59,1414,19,0.013437057991513438,0.01174924747840167,0.00489151975812831,0.01860697519867503
home,100-120,6,3-0,29,652,5,0.007668711656441718,0.011613502101016965,0.0,0.025627432208489186
home,100-120,9,3-0,10,202,3,0.01485148514851485,0.008465608465608464,0.0,0.019634839176702248
home,100-120,6,5-0,29,652,1,0.0015337423312883436,0.006896551724137932,0.0,0.02041379310344828
home,100-120,6,4-1,29,652,4,0.006134969325153374,0.005924135834180812,0.0,0.012746257743233933
home,100-120,1,4-2,59,1414,6,0.004243281471004243,0.003865545992891682,0.0005330073736566827,0.007198084612126681
home,100-120,6,5-1,29,652,1,0.0015337423312883436,0.0024630541871921183,0.0,0.007290640394088669
home,100-120,1,6-1,59,1414,1,0.0007072135785007072,0.0024213075060532684,0.0,0.007167070217917669
home,100-120,1,4-3,59,1414,3,0.0021216407355021216,0.0021943099273607747,0.0,0.004762291101516908
home,100-120,1,4-1,59,1414,3,0.0021216407355021216,0.0012712209284948,0.0,0.0027503078792554168
home,100-120,6,4-3,29,652,1,0.0015337423312883436,0.0011890606420927466,0.0,0.0035196195005945297
home,100-120,6,4-2,29,652,1,0.0015337423312883436,0.0007037297677691766,0.0,0.0020830401125967626
home,100-120,6,4-0,29,652,1,0.0015337423312883436,0.0006269592476489028,0.0,0.001855799373040752
home,100-120,1,4-0,59,1414,1,0.0007072135785007072,0.0004237288135593221,0.0,0.001254237288135594
home,120-150,9,1-0,9,48,23,0.4791666666666667,0.542022792022792,0.39177635617335593,0.6922692278722281
home,120-150,1,1-0,40,521,261,0.5009596928982726,0.5201059219175554,0.4508840325879197,0.5893278112471911
home,120-150,6,2-1,27,265,127,0.47924528301886793,0.5077095190580115,0.3985527128207341,0.616866325295289
home,120-150,1,2-1,40,521,190,0.3646833013435701,0.38616711996754743,0.3188323661670664,0.4535018737680285
home,120-150,6,1-0,27,265,86,0.32452830188679244,0.3473177412416127,0.23618683833365597,0.45844864414956943
home,120-150,9,2-1,9,48,17,0.3541666666666667,0.32051282051282054,0.17884517410195566,0.4621804669236854
home,120-150,6,2-0,27,265,27,0.1018867924528302,0.066584979516014,0.03229409103756658,0.10087586799446141
home,120-150,9,3-2,9,48,3,0.0625,0.06481481481481483,0.0,0.13568559891100485
home,120-150,1,2-0,40,521,43,0.08253358925143954,0.053137590304756135,0.029536951588030373,0.07673822902148189
home,120-150,6,3-2,27,265,14,0.052830188679245285,0.04673103563658287,0.007466229637483203,0.08599584163568252
home,120-150,9,3-0,9,48,1,0.020833333333333332,0.027777777777777776,0.0,0.08222222222222222
home,120-150,9,4-1,9,48,1,0.020833333333333332,0.018518518518518517,0.0,0.05481481481481481
home,120-150,1,3-1,40,521,13,0.02495201535508637,0.01847640405689941,0.007479239758958747,0.029473568354840073
home,120-150,6,3-0,27,265,5,0.018867924528301886,0.018166181459534782,0.0,0.04294815514498159
home,120-150,1,3-2,40,521,8,0.015355086372360844,0.01377805927863136,0.002011869776982818,0.025544248780279902
home,120-150,9,2-0,9,48,1,0.020833333333333332,0.009259259259259259,0.0,0.027407407407407405
home,120-150,9,3-1,9,48,1,0.020833333333333332,0.008547008547008548,0.0,0.0252991452991453
home,120-150,9,4-0,9,48,1,0.020833333333333332,0.008547008547008548,0.0,0.0252991452991453
home,120-150,6,4-2,27,265,2,0.007547169811320755,0.006481481481481481,0.0,0.01612407083221797
home,120-150,1,3-0,40,521,4,0.007677543186180422,0.005902777777777777,0.0,0.012647861677468359
home,120-150,6,3-1,27,265,3,0.011320754716981131,0.005731922398589066,0.0,0.01354654442699954
home,120-150,1,4-1,40,521,1,0.0019193857965451055,0.0014705882352941176,0.0,0.004352941176470588
home,120-150,6,8-2,27,265,1,0.0037735849056603774,0.001277139208173691,0.0,0.003780332056194125
home,120-150,1,4-0,40,521,1,0.0019193857965451055,0.0009615384615384616,0.0,0.002846153846153846
home,150-1000,1,1-0,10,54,31,0.5740740740740741,0.7547619047619047,0.5969914510977832,0.9125323584260263
home,150-1000,9,2-1,5,44,19,0.4318181818181818,0.518095238095238,0.27543934089831346,0.7607511352921627
home,150-1000,6,2-1,7,37,17,0.4594594594594595,0.47789115646258506,0.24520156828888864,0.7105807446362815
home,150-1000,9,1-0,5,44,22,0.5,0.4342857142857143,0.20554477396724447,0.6630266546041841
home,150-1000,6,1-0,7,37,13,0.35135135135135137,0.38010204081632654,0.14860330071896302,0.6116007809136901
home,150-1000,1,2-1,10,54,18,0.3333333333333333,0.18761904761904763,0.0478962108631647,0.32734188437493056
home,150-1000,6,2-0,7,37,6,0.16216216216216217,0.10629251700680273,0.0,0.2234699702798431
home,150-1000,1,2-0,10,54,2,0.037037037037037035,0.03833333333333333,0.0,0.10331181410168434
home,150-1000,6,6-1,7,37,1,0.02702702702702703,0.03571428571428571,0.0,0.10571428571428572
home,150-1000,9,3-2,5,44,1,0.022727272727272728,0.02,0.0,0.0592
home,150-1000,9,2-0,5,44,1,0.022727272727272728,0.014285714285714285,0.0,0.04228571428571428
home,150-1000,1,3-2,10,54,2,0.037037037037037035,0.014285714285714285,0.0,0.042285714285714274
home,150-1000,9,10-2,5,44,1,0.022727272727272728,0.013333333333333332,0.0,0.039466666666666664
home,150-1000,1,4-2,10,54,1,0.018518518518518517,0.005,0.0,0.014799999999999997
